"","x"
"1","X8788"
"2","X1586"
"3","X6770"
"4","X6822"
"5","X2516"
"6","X1583"
"7","X1584"
"8","X1589"
"9","X1360"
"10","X5104"
"11","X3481"
"12","X4504"
"13","X4885"
"14","X190"
"15","X269"
"16","X3284"
"17","X2938"
"18","X1114"
"19","X5178"
"20","X3777"
"21","X492"
"22","X389840"
"23","X2940"
"24","X3623"
"25","X90113"
"26","X730112"
"27","X9971"
"28","X4884"
"29","X4158"
"30","X181"
"31","X92737"
"32","X29906"
"33","X460"
"34","X7448"
"35","X27254"
"36","X55384"
"37","X143379"
"38","X85442"
"39","X5596"
"40","X163933"
"41","X3860"
"42","X8000"
"43","X7379"
"44","X8581"
"45","X7348"
"46","X10202"
"47","X6286"
"48","X6690"
"49","X3713"
"50","X51442"
"51","X11045"
"52","X387695"
"53","X6698"
"54","X6707"
"55","X2877"
"56","X51702"
"57","X10804"
"58","X6192"
"59","X54578"
"60","X54474"
"61","X64600"
"62","X3872"
"63","X90019"
"64","X53836"
"65","X3852"
"66","X55287"
"67","X3868"
"68","X652995"
"69","X6273"
"70","X5268"
"71","X84290"
"72","X3853"
"73","X7380"
"74","X54575"
"75","X1580"
"76","X84985"
"77","X2125"
"78","X54600"
"79","X9635"
"80","X23584"
"81","X4250"
"82","X7031"
"83","X5304"
"84","X155465"
"85","X10647"
"86","X563"
"87","X118430"
"88","X25803"
"89","X2625"
"90","X124220"
"91","X3861"
"92","X4010"
"93","X79679"
"94","X131578"
"95","X51806"
"96","X7021"
"97","X5618"
"98","X222"
"99","X2099"
"100","X3169"
"101","X8483"
"102","X1300"
"103","X12"
"104","X4322"
"105","X91074"
"106","X7033"
"107","X9370"
"108","X199974"
"109","X1301"
"110","X1382"
"111","X7503"
"112","X4057"
"113","X256394"
"114","X1311"
"115","X4151"
"116","X7069"
"117","X2813"
"118","X3226"
"119","X85320"
"120","X6317"
"121","X810"
"122","X6699"
"123","X6318"
"124","X3963"
"125","X286887"
"126","X3854"
"127","X1830"
"128","X6278"
"129","X5275"
"130","X6279"
"131","X6700"
"132","X51458"
"133","X6703"
"134","X1048"
"135","X9982"
"136","X5266"
"137","X6280"
"138","X1825"
"139","X3866"
"140","X3851"
"141","X284340"
"142","X9407"
"143","X1401"
"144","X213"
"145","X7104"
"146","X2266"
"147","X2243"
"148","X325"
"149","X2638"
"150","X338"
"151","X259"
"152","X3698"
"153","X2244"
"154","X3026"
"155","X866"
"156","X3960"
"157","X5314"
"158","X7429"
"159","X312"
"160","X570"
"161","X2267"
"162","X6344"
"163","X5004"
"164","X79574"
"165","X1080"
"166","X51473"
"167","X1361"
"168","X6425"
"169","X5053"
"170","X10083"
"171","X350"
"172","X5267"
"173","X433"
"174","X83539"
"175","X79799"
"176","X3172"
"177","X9071"
"178","X722"
"179","X486"
"180","X5005"
"181","X3484"
"182","X2168"
"183","X644844"
"184","X10562"
"185","X56667"
"186","X1015"
"187","X1045"
"188","X4583"
"189","X83998"
"190","X7103"
"191","X118471"
"192","X1044"
"193","X131177"
"194","X27035"
"195","X10223"
"196","X27290"
"197","X1087"
"198","X1811"
"199","X4680"
"200","X5967"
"201","X4224"
"202","X5646"
"203","X3158"
"204","X1800"
"205","X119467"
"206","X10071"
"207","X53841"
"208","X283375"
"209","X54866"
"210","X931"
"211","X8115"
"212","X930"
"213","X26279"
"214","X643"
"215","X6689"
"216","X640"
"217","X973"
"218","X6003"
"219","X974"
"220","X84824"
"221","X5079"
"222","X115352"
"223","X5450"
"224","X83416"
"225","X57379"
"226","X23495"
"227","X79368"
"228","X1380"
"229","X933"
"230","X50615"
"231","X327657"
"232","X26228"
"233","X388512"
"234","X121355"
"235","X256236"
"236","X3662"
"237","X114614"
"238","X5790"
"239","X29802"
"240","X4033"
"241","X27240"
"242","X1269"
"243","X9447"
"244","X115350"
"245","X89857"
"246","X1840"
"247","X5452"
"248","X11184"
"249","X27299"
"250","X5317"
"251","X8626"
"252","X163351"
"253","X84951"
"254","X646"
"255","X57016"
"256","X144568"
"257","X2196"
"258","X50506"
"259","X4585"
"260","X79983"
"261","X23650"
"262","X2670"
"263","X10485"
"264","X2173"
"265","X5375"
"266","X5354"
"267","X63827"
"268","X361"
"269","X11341"
"270","X1463"
"271","X5803"
"272","X2596"
"273","X116448"
"274","X10215"
"275","X2823"
"276","X220296"
"277","X23209"
"278","X57348"
"279","X3785"
"280","X81551"
"281","X59284"
"282","X6657"
"283","X6285"
"284","X128414"
"285","X477"
"286","X2657"
"287","X2290"
"288","X5992"
"289","X29106"
"290","X375612"
"291","X30820"
"292","X56896"
"293","X124925"
"294","X1496"
"295","X1501"
"296","X9283"
"297","X55859"
"298","X29114"
"299","X117"
"300","X6704"
"301","X374897"
"302","X388533"
"303","X6706"
"304","X11202"
"305","X3848"
"306","X84648"
"307","X6521"
"308","X1014"
"309","X155006"
"310","X2299"
"311","X50617"
"312","X1188"
"313","X245972"
"314","X5816"
"315","X253012"
"316","X115111"
"317","X10655"
"318","X9073"
"319","X1187"
"320","X55753"
"321","X525"
"322","X135892"
"323","X57127"
"324","X3816"
"325","X127124"
"326","X7809"
"327","X5733"
"328","X84467"
"329","X342667"
"330","X2642"
"331","X2254"
"332","X1672"
"333","X266722"
"334","X8431"
"335","X116449"
"336","X399823"
"337","X643236"
"338","X6439"
"339","X55554"
"340","X3291"
"341","X255189"
"342","X80157"
"343","X9027"
"344","X10786"
"345","X7364"
"346","X635"
"347","X123876"
"348","X6582"
"349","X2939"
"350","X6519"
"351","X348158"
"352","X10249"
"353","X6540"
"354","X9154"
"355","X130013"
"356","X6531"
"357","X3773"
"358","X55586"
"359","X57733"
"360","X26762"
"361","X64902"
"362","X9075"
"363","X5169"
"364","X5105"
"365","X55867"
"366","X1807"
"367","X1579"
"368","X11148"
"369","X1644"
"370","X5076"
"371","X196047"
"372","X5174"
"373","X2018"
"374","X5455"
"375","X353189"
"376","X7849"
"377","X6568"
"378","X192668"
"379","X27283"
"380","X79623"
"381","X5284"
"382","X164312"
"383","X4353"
"384","X566"
"385","X5657"
"386","X1991"
"387","X6036"
"388","X2322"
"389","X3045"
"390","X6037"
"391","X932"
"392","X1511"
"393","X759"
"394","X3543"
"395","X4778"
"396","X6691"
"397","X5023"
"398","X23569"
"399","X6693"
"400","X3048"
"401","X160364"
"402","X51327"
"403","X170591"
"404","X3047"
"405","X55363"
"406","X10235"
"407","X10077"
"408","X8328"
"409","X51316"
"410","X85413"
"411","X212"
"412","X619383"
"413","X29125"
"414","X3676"
"415","X3039"
"416","X1178"
"417","X4602"
"418","X3043"
"419","X283897"
"420","X547"
"421","X1804"
"422","X10297"
"423","X2891"
"424","X6506"
"425","X1995"
"426","X3766"
"427","X4684"
"428","X482"
"429","X2893"
"430","X5454"
"431","X375323"
"432","X56776"
"433","X9378"
"434","X336"
"435","X345"
"436","X335"
"437","X3240"
"438","X7276"
"439","X197"
"440","X3827"
"441","X462"
"442","X3273"
"443","X3697"
"444","X229"
"445","X7018"
"446","X2147"
"447","X189"
"448","X7363"
"449","X5340"
"450","X5950"
"451","X3078"
"452","X3263"
"453","X3080"
"454","X653509"
"455","X729238"
"456","X9476"
"457","X6440"
"458","X389376"
"459","X117156"
"460","X253970"
"461","X10568"
"462","X7356"
"463","X5225"
"464","X1510"
"465","X92304"
"466","X6441"
"467","X394263"
"468","X146556"
"469","X1755"
"470","X10232"
"471","X6098"
"472","X8796"
"473","X2348"
"474","X207107"
"475","X727897"
"476","X276"
"477","X388743"
"478","X5446"
"479","X195814"
"480","X3170"
"481","X131"
"482","X2304"
"483","X4922"
"484","X55600"
"485","X10216"
"486","X794"
"487","X51200"
"488","X3036"
"489","X8854"
"490","X50614"
"491","X284654"
"492","X5740"
"493","X286204"
"494","X7490"
"495","X256472"
"496","X93035"
"497","X64714"
"498","X4036"
"499","X8653"
"500","X8284"
"501","X142683"
"502","X94025"
"503","X116"
"504","X2626"
"505","X5320"
"506","X374462"
"507","X8287"
"508","X7051"
"509","X11012"
"510","X9086"
"511","X7404"
"512","X342527"
"513","X6545"
"514","X5650"
"515","X25818"
"516","X57565"
"517","X5653"
"518","X9074"
"519","X23532"
"520","X6750"
"521","X347730"
"522","X64321"
"523","X60598"
"524","X5655"
"525","X4246"
"526","X23566"
"527","X1381"
"528","X10686"
"529","X7476"
"530","X10942"
"531","X362"
"532","X92196"
"533","X1356"
"534","X5368"
"535","X2302"
"536","X2066"
"537","X3630"
"538","X2641"
"539","X5644"
"540","X440387"
"541","X7032"
"542","X5068"
"543","X1504"
"544","X10136"
"545","X1357"
"546","X5539"
"547","X51208"
"548","X6947"
"549","X11199"
"550","X1113"
"551","X5968"
"552","X1621"
"553","X7054"
"554","X5179"
"555","X10814"
"556","X9607"
"557","X7857"
"558","X5126"
"559","X4852"
"560","X6860"
"561","X1136"
"562","X5798"
"563","X6570"
"564","X9464"
"565","X158763"
"566","X401"
"567","X3642"
"568","X85300"
"569","X8929"
"570","X51046"
"571","X478"
"572","X11189"
"573","X11075"
"574","X23017"
"575","X6530"
"576","X50859"
"577","X8941"
"578","X3897"
"579","X9118"
"580","X4741"
"581","X354"
"582","X3817"
"583","X9622"
"584","X10481"
"585","X55"
"586","X79054"
"587","X81285"
"588","X23671"
"589","X1135"
"590","X50652"
"591","X131034"
"592","X4604"
"593","X7113"
"594","X85414"
"595","X1674"
"596","X1128"
"597","X55503"
"598","X23316"
"599","X284434"
"600","X389206"
"601","X261729"
"602","X389816"
"603","X25859"
"604","X2346"
"605","X92292"
"606","X658"
"607","X401546"
"608","X7545"
"609","X2318"
"610","X2019"
"611","X8076"
"612","X6474"
"613","X1289"
"614","X389136"
"615","X2201"
"616","X1277"
"617","X91851"
"618","X80332"
"619","X5737"
"620","X1281"
"621","X9096"
"622","X4239"
"623","X126393"
"624","X23768"
"625","X56062"
"626","X5396"
"627","X54796"
"628","X6444"
"629","X7373"
"630","X1293"
"631","X1278"
"632","X2297"
"633","X253738"
"634","X25890"
"635","X84107"
"636","X1292"
"637","X7291"
"638","X273"
"639","X11117"
"640","X10082"
"641","X2252"
"642","X2619"
"643","X4920"
"644","X7299"
"645","X2315"
"646","X6663"
"647","X1638"
"648","X8190"
"649","X51151"
"650","X7306"
"651","X84676"
"652","X79444"
"653","X6271"
"654","X4105"
"655","X5077"
"656","X158511"
"657","X28513"
"658","X4308"
"659","X26330"
"660","X4102"
"661","X283652"
"662","X8092"
"663","X340273"
"664","X4111"
"665","X6258"
"666","X152015"
"667","X54763"
"668","X55117"
"669","X4935"
"670","X7425"
"671","X202374"
"672","X118611"
"673","X8601"
"674","X2134"
"675","X347"
"676","X83882"
"677","X23632"
"678","X27022"
"679","X1369"
"680","X9032"
"681","X140453"
"682","X11074"
"683","X10595"
"684","X56033"
"685","X4588"
"686","X79923"
"687","X54596"
"688","X79727"
"689","X5460"
"690","X199713"
"691","X55211"
"692","X10642"
"693","X340168"
"694","X359787"
"695","X132625"
"696","X9573"
"697","X84889"
"698","X205860"
"699","X389421"
"700","X8433"
"701","X63978"
"702","X55655"
"703","X5462"
"704","X9623"
"705","X27287"
"706","X346689"
"707","X8928"
"708","X50511"
"709","X84891"
"710","X2731"
"711","X29947"
"712","X4113"
"713","X7038"
"714","X7173"
"715","X7253"
"716","X389434"
"717","X170261"
"718","X4435"
"719","X256536"
"720","X3547"
"721","X143662"
"722","X57467"
"723","X5121"
"724","X155051"
"725","X5172"
"726","X405753"
"727","X1474"
"728","X79413"
"729","X150677"
"730","X157310"
"731","X196475"
"732","X286256"
"733","X7780"
"734","X25834"
"735","X55885"
"736","X28965"
"737","X9022"
"738","X6370"
"739","X5075"
"740","X1791"
"741","X910"
"742","X913"
"743","X909"
"744","X171558"
"745","X10279"
"746","X122706"
"747","X10777"
"748","X5897"
"749","X5896"
"750","X6997"
"751","X8456"
"752","X148753"
"753","X10803"
"754","X926"
"755","X4068"
"756","X5083"
"757","X83698"
"758","X57864"
"759","X911"
"760","X11122"
"761","X7434"
"762","X10930"
"763","X7535"
"764","X79412"
"765","X9402"
"766","X4118"
"767","X6144"
"768","X387841"
"769","X10406"
"770","X1749"
"771","X4487"
"772","X1750"
"773","X96626"
"774","X3218"
"775","X8549"
"776","X8900"
"777","X445582"
"778","X127003"
"779","X128602"
"780","X250"
"781","X168002"
"782","X644591"
"783","X644511"
"784","X8817"
"785","X374407"
"786","X1280"
"787","X8091"
"788","X6664"
"789","X8913"
"790","X11197"
"791","X64344"
"792","X84677"
"793","X827"
"794","X90187"
"795","X1908"
"796","X140730"
"797","X402665"
"798","X89792"
"799","X163782"
"800","X2138"
"801","X1302"
"802","X341640"
"803","X347733"
"804","X1299"
"805","X9543"
"806","X1271"
"807","X6422"
"808","X338707"
"809","X388662"
"810","X55118"
"811","X4948"
"812","X203190"
"813","X6656"
"814","X221091"
"815","X29944"
"816","X3769"
"817","X146664"
"818","X645369"
"819","X825"
